Банк,01.01.2014,01.04.2014,01.07.2014,01.10.2014,01.01.2015,01.04.2015,01.07.2015,01.10.2015,01.01.2016,01.04.2016,01.07.2016,01.10.2016
IHГ БАНК УКРАЇНА,3798440.62999,2369152.61014,2087430.52556,1771558.34319,2461914.66986,4610811.81358,2353442.46793,3165314.29995,3638848.6919,3399678.85798,3860643.12017,3262252.36734
IМЕКСБАНК,6348817.53242,6878987.43486,6586479.69836,6286976.93589,6307436.97795,6825520.73554,NA,NA,NA,NA,NA,NA
IНВЕСТБАНК,258893.34849,287173.61583,277195.42453,264021.67956,276641.08862,322506.23924,320840.66445,230212.39922,233802.97568,238036.16799,179774.67132,159526.56177
IНДУСТРІАЛБАНК,1345075.23961,1381939.31903,1474071.89244,1485416.86796,1536772.57431,1840013.73863,1715643.46978,1653533.05424,1780850.63664,1777048.04671,1760853.20907,1793771.86678
IНТЕГРАЛ - БАНК,610988.0268,716095.34875,676025.89827,622755.19901,709696.14523,794004.071,518686.41961,527671.34632,NA,NA,NA,NA
IНТЕРБАНК,186769.85658,234180.16966,251396.70429,NA,NA,NA,NA,NA,NA,NA,NA,NA
АВАНТ-БАНК,1364728.37293,1358691.47748,1566967.7012,1863095.4457,2296461.02542,2469286.9559,2379096.11584,2538904.43202,NA,NA,NA,NA
АВТОКРАЗБАНК,1014098.75649,939931.74342,847379.70497,NA,NA,NA,NA,NA,NA,NA,NA,NA
АЙБОКС БАНК,312259.17149,300069.93759,298732.41222,330577.05281,356208.4717,408159.24583,317246.73579,339027.64834,225474.31897,220825.5126,266134.31156,290618.64625
АКОРДБАНК,363224.5653,313819.89956,297958.40102,298583.79171,317900.82122,300741.31037,250601.14504,196488.19343,202797.95418,177085.06014,203841.39862,284814.05286
АКСІОМА,618255.13848,674973.02951,631451.19758,188884.66463,155773.72501,NA,NA,NA,NA,NA,NA,NA
АКТАБАНК ,4079668.6672,4648329.52658,3885798.75876,854265.3694,NA,NA,NA,NA,NA,NA,NA,NA
АКТИВ - БАНК,2374406.62797,2363780.77428,2393703.87086,2475618.71078,NA,NA,NA,NA,NA,NA,NA,NA
АКЦЕНТ-БАНК,1869978.76686,1597024.66589,1756264.33843,1799533.99084,1895621.74072,2076951.31548,2025813.32448,2220982.0398,2662186.795,3182374.71848,3530231.08503,3038239.47915
АЛЬПАРІ БАНК,3686.61315,7431.50583,17431.22801,9108.20158,6623.3006,8818.10738,7707.70421,5683.40896,4714.06109,8080.40012,11671.71242,8089.27925
АЛЬФА-БАНК,15831175.56015,18136828.24695,16846183.49888,15549446.02214,18060829.60377,20943200.91574,20946386.6663,23107764.97828,25244245.67356,25519957.37797,26118008.37656,27112061.66878
АП БАНК,NA,NA,NA,NA,NA,NA,NA,NA,7415.7061,144300.83434,118560.60759,164990.42135
АПЕКС-БАНК,350704.05638,286333.22252,263630.54355,463192.91167,511749.04944,461286.76486,508429.67348,432013.97188,414459.15369,342306.28304,267000.88899,203022.93309
АРКАДА,1384802.73098,1551606.65458,1653195.87078,1607580.58809,1769523.52129,1837387.49951,1866027.21356,2215850.07905,2608916.86082,1635951.13325,1408811.66998,976547.43985
АРТЕМ-БАНК,178425.83632,195075.73175,222116.65799,215163.60291,255808.34667,300243.00156,343129.03549,329100.42061,291393.44888,296762.10033,331176.47255,380866.10441
АСВІО БАНК,267773.24674,301791.07312,285611.65186,256179.66812,289960.65494,357610.58406,473830.55457,479485.79986,618476.29833,663540.35024,705212.77171,618780.45901
АСТРА БАНК,207117.82131,8130.31563,4809.38745,3344.23399,3188.42035,4329.91024,4559.98163,3836.96206,NA,NA,NA,NA
БАНК 3/4,1112021.79583,400561.34845,659296.69948,557840.6596,362005.15026,298870.08016,336472.8306,286167.54823,273617.34004,308985.4637,300380.71739,323105.98247
БАНК HАЦІОНАЛЬНІ ІНВЕСТИЦІЇ,3260643.27001,3221552.49368,3300419.95258,3218622.8016,3643106.65593,3208693.42308,3433261.34678,1306348.0988,NA,NA,NA,NA
БАНК АВАНГАРД,251233.65863,39758.86879,120478.41916,111314.85197,192272.20225,341713.25969,375692.73312,106568.85126,274847.45744,369347.26391,419429.47695,929717.33475
БАНК АЛЬЯНС,31014.62847,346942.01618,409899.67199,162403.11515,247717.72996,19965.09817,8911.2318,1753.92,10861.24366,31460.76363,17752.38635,53326.11676
БАНК БОГУСЛАВ,275181.01719,257990.20748,255169.55684,247590.09201,267189.25085,303496.46618,347788.40969,343281.25567,418758.16229,393296.59112,376369.44325,475889.42666
БАНК ВЕЛЕС,16406.90797,26705.43885,27874.51148,48882.04835,45953.94429,47089.04067,72554.92449,85080.82582,NA,NA,NA,NA
БАНК ВОСТОК,2375587.87043,2308794.28841,2379165.08393,2883841.6147,3105446.00267,3646123.87596,3912729.9321,4213089.29419,4489950.28486,4858794.66302,5229515.06697,5241720.10838
БАНК ГРАНТ,560447.08248,649632.2037,692216.97354,745192.29645,792649.50525,763121.54617,691212.02419,681901.14164,789879.35638,730334.57624,721567.33191,649900.75944
БАНК ДЕМАРК,1230680.11241,1253809.82223,1243512.18606,1119616.66338,908178.81853,NA,NA,NA,NA,NA,NA,NA
БАНК ЗОЛОТІ ВОРОТА,1381120.04855,1310265.97269,693993.96873,696672.6962,NA,NA,NA,NA,NA,NA,NA,NA
БАНК ІНВЕСТИЦІЙ ТА ЗАОЩАДЖЕНЬ,1723035.74103,1832227.87071,2350652.18189,2523920.12426,3183229.30509,4197588.11651,4036371.78016,4026384.35158,4466818.16889,4581409.04225,3651922.55396,3526275.07715
БАНК КАМБІО,1698195.29733,1655014.67862,1706545.68575,676365.58494,770252.55783,NA,NA,NA,NA,NA,NA,NA
БАНК КИЇВСЬКА РУСЬ ,6225835.77106,6287399.54041,6143211.59757,5954949.8241,6339601.30546,5312275.60973,4584043.49221,NA,NA,NA,NA,NA
БАНК КІПРУ,828032.53407,735015.27917,830385.8389,NA,NA,NA,NA,NA,NA,NA,NA,NA
БАНК КОНТРАКТ,516143.12907,546784.97725,637219.32762,618507.70246,552523.85777,642066.6585,532143.42288,400035.22821,NA,NA,NA,NA
БАНК КРЕДИТ ДНІПРО,4903529.62071,4686658.41491,5558646.37182,5446989.49508,5771205.54746,6445449.03324,5526787.61861,5787691.0621,6211031.57716,6567158.14497,6176557.81293,6662679.58095
БАНК МЕРКУРІЙ,1486534.3912,1441141.05367,NA,NA,NA,NA,NA,NA,NA,NA,NA,NA
БАНК МИХАЙЛІВСЬКИЙ,176821.84418,330813.6131,697416.15445,1294147.10991,1617510.33811,1710221.22479,1850678.1603,1958440.11927,2043226.11311,2141405.18739,NA,NA
БАНК МОРСЬКИЙ,652480.75712,626598.06385,NA,NA,NA,NA,NA,NA,NA,NA,NA,NA
БАНК НАРОДНИЙ КАПІТАЛ,103798.622,107127.25495,104963.74452,124387.58092,117700.86915,127305.35808,124613.51978,130359.77485,128285.60328,230949.24012,129330.45527,79967.62324
БАНК НАЦІОНАЛЬНИЙ КРЕДИТ,1716726.28798,1846048.81382,2029298.80808,2015973.37403,2021162.40565,2352560.02481,1295672.19521,NA,NA,NA,NA,NA
БАНК ПЕРШИЙ,1999169.48478,1164867.9462,1090620.56542,NA,NA,NA,NA,NA,NA,NA,NA,NA
БАНК ПЕТРОКОММЕРЦ-УКРАЇНА,577911.10073,645260.82121,534278.61778,515485.41884,538151.43909,634890.76751,709852.18821,584658.66529,NA,NA,NA,NA
БАНК ПОРТАЛ,2756.22304,4669.70624,6765.61558,5306.64751,19885.29114,13938.91688,19616.47319,18313.04007,25648.53723,40871.64763,51923.54955,42504.18529
БАНК РЕНЕСАНС КАПІТАЛ,126537.79582,127113.7437,770354.92955,1333979.25413,1284565.35043,NA,NA,NA,NA,NA,NA,NA
БАНК РИНКОВІ ТЕХНОЛОГІЇ,146266.5676,43730.16727,7158.63497,17180.95386,NA,NA,NA,NA,NA,NA,NA,NA
БАНК СІЧ,292331.87606,328478.97103,393972.40233,408251.70492,475418.85134,512847.21107,496740.05102,550666.6637,1436929.85873,729454.664,1202652.37306,779443.71618
БАНК СОФІЙСЬКИЙ,329444.75506,364580.17677,410360.36291,460986.78274,583159.04456,581378.3022,558599.38068,518107.74817,NA,NA,NA,NA
БАНК ТРАСТ,250420.28683,244780.1944,250683.64099,244533.68686,249776.75295,230797.51516,231757.43991,299730.0536,517101.06864,567426.06144,628860.34108,592705.12292
БАНК УКРАЇНСЬКИЙ КАПІТАЛ,134179.08417,194738.08205,308895.58914,197943.84227,247676.24806,312227.32344,255370.73841,349396.95919,428054.09654,682594.06595,392822.53635,462435.51733
БАНК ФАМІЛЬНИЙ,30019.07186,23426.9156,25133.46804,25006.89318,32890.46293,37568.28136,40599.11232,38774.67345,50086.79719,50817.08437,48441.90085,61996.71737
БАНК ФІНАНСИ ТА КРЕДИТ,16342444.80156,17856983.80166,18989900.09421,19804537.61079,22040922.15983,26948067.40286,24643819.76605,21082316.6004,NA,NA,NA,NA
БАНК ФОРВАРД,1834800.71298,1335144.1366,1235640.99625,1109639.59977,1023949.79322,945735.45129,800921.91166,755979.46571,768455.69271,853198.62291,894177.07989,1000697.35023
БАНК ФОРУМ,7361118.81371,7525092.73872,NA,NA,NA,NA,NA,NA,NA,NA,NA,NA
БАНК ЮНІСОН,345340.0697,313418.39539,229774.97354,253309.08762,258199.8587,226674.85855,282738.94586,358923.90968,512072.89093,398365.0034,143134.50693,114743.38198
БГ БАНК,NA,NA,NA,1146827.8324,1227347.87562,NA,NA,NA,NA,NA,NA,NA
БМ БАНК,1671585.98943,1567458.06419,1572109.51138,1273134.58104,1259890.16866,1044287.23158,845252.18109,791288.77085,791160.62589,862830.58463,951332.92844,929263.28061
БРОКБІЗНЕСБАНК,10863986.42747,10026354.28593,NA,NA,NA,NA,NA,NA,NA,NA,NA,NA
БТА БАНК  ,1354041.87222,1146021.69249,937352.29438,910434.31488,681584.97841,790635.17376,645544.69741,628977.7046,628041.63431,513805.16675,440395.46595,558574.67042
ВIEЙБI БАНК,12578951.64261,15696906.49203,14402058.69061,14008830.29496,10979783.08583,NA,NA,NA,NA,NA,NA,NA
ВЕКТОР БАНК,NA,506.86381,27653.71296,42746.0875,62199.24188,52191.56582,40123.64443,44717.7516,23498.77423,42201.80913,54838.46777,83657.82687
ВЕРНУМ БАНК,191700.19453,252279.26915,176415.58266,168418.25681,206927.95131,263464.76218,270115.45939,243636.46867,197133.8428,156545.02716,132229.57959,144396.36217
ВІЕС БАНК,1052743.29371,865826.19613,848682.20295,785389.46584,766951.37502,772319.12721,707525.5539,750600.59662,1008195.02274,889732.27512,954910.19137,942484.09632
ВСЕУКРАЇНСЬКИЙ БАНК РОЗВИТКУ,4741869.98254,4398850.59806,4536973.37779,4343318.72962,4697204.50281,6277442.77115,5783100.76112,5899920.23736,NA,NA,NA,NA
ВТБ БАНК,11147866.23179,9302175.06477,8233677.55952,6709468.09399,7900170.6657,9081789.22651,8662829.55197,8648808.20732,9540048.94439,9503774.98319,8227407.93223,9291801.20447
ГЕФЕСТ,0,0,0,0,0,0.72828,1.41616,11.96252,1,2.21057,2.45493,2.45493
ГЛОБУС,727112.7367,765397.25503,759106.08018,704181.16048,715907.99325,818470.78255,705051.76516,657466.27742,714536.34739,732874.85454,874380.00193,1012506.97468
ГРІН БАНК,372945.86406,138227.30697,88755.41793,130792.04196,129507.64613,NA,NA,NA,NA,NA,NA,NA
ДАНІЕЛЬ,585023.06995,376889.17321,NA,NA,NA,NA,NA,NA,NA,NA,NA,NA
ДЕЛЬТА БАНК,36126457.76219,37167638.10034,35747456.65386,36665131.11641,35627853.80834,40829053.27975,35998818.10214,NA,NA,NA,NA,NA
ДЕРЖЗЕМБАНК,19674.78138,993.6106,17.0204,0.049,0.049,0.049,0.049,0.049,0.049,0.049,0.049,NA
ДІАМАНТБАНК,2948938.28969,2819989.34025,3231249.59613,3210674.43833,3415247.07686,4121741.39273,4353016.84841,4271931.10332,4999588.76951,4868622.59727,3973962.22101,4248350.97637
ДІВІ БАНК,4604609.44594,3116732.30936,2511836.44416,1586062.89962,286887.00522,90825.85103,79810.92385,172356.83721,102841.17678,31513.44831,38989.41834,19151.77517
ДОЙЧЕ БАНК ДБУ,1617349.66267,274027.66564,193396.7,275570.41285,403700.4368,607828.79433,924600.1865,1062185.00268,1227581.63954,1339213.01463,2806455.88027,1714252.21815
ЕКСПОБАНК,1240031.58699,1317188.74271,1305438.71188,1141700.72275,2419199.25332,NA,NA,NA,NA,NA,NA,NA
ЕКСПРЕС-БАНК,1615223.5044,1546932.80975,1232856.94123,1131214.36721,1074393.24584,954725.78771,1032836.32467,935198.1346,828079.75823,650277.45765,673430.81024,655935.52885
ЕНЕРГОБАНК,1546662.32409,1542141.32502,1532127.80317,1539401.82113,1583835.43374,1873001.9996,NA,NA,NA,NA,NA,NA
ЄВРОБАНК,1017818.42027,1216464.35674,1411454.14185,1203477.83189,1167235.16205,1253844.41508,1063805.43104,1333905.45061,1557185.41787,1458652.65576,782244.44406,NA
ЄВРОГАЗБАНК ,2074835.56835,2187597.34415,1920138.56374,1876167.09349,NA,NA,NA,NA,NA,NA,NA,NA
ЄВРОПРОМБАНК,650071.1486,696145.47534,697269.69611,721500.32632,726909.37117,904150.52362,832780.66721,855509.31225,841322.29945,845260.96992,745095.82162,725539.04333
ЗАХІДІНКОМБАНК,540934.46984,514776.23036,406966.94987,NA,NA,NA,NA,NA,NA,NA,NA,NA
ЗЕМЕЛЬНИЙ КАПІТАЛ,136156.73969,134137.06343,125531.02515,81995.57232,105033.58225,73344.20755,72219.29387,77586.18051,NA,NA,NA,NA
ЗЛАТОБАНК,5394434.84212,5169784.24632,5237924.40206,5272445.46796,5405812.96615,5032515.1399,NA,NA,NA,NA,NA,NA
ІДЕЯ БАНК,1969438.77643,1806543.3163,2124350.57232,1995819.0605,2091165.87912,2143297.44428,2124089.65751,2164303.17475,2325656.00349,2157074.5601,2360756.85352,2465318.83423
ІНВЕСТИЦІЙНО-ТРАСТОВИЙ БАНК,60072.39541,61699.85563,60645.34183,60655.23297,61232.45844,60759.60973,60992.76356,69.18691,619.54836,2.22621,NA,NA
ІНТЕРКРЕДИТБАНК,292225.2326,328292.98001,315280.95588,156382.99279,NA,NA,NA,NA,NA,NA,NA,NA
КАПІТАЛ,987308.69761,822866.31668,805324.38476,953143.71074,1331803.92309,1395126.00289,1117189.12146,704415.61358,NA,NA,NA,NA
КИЇВ,427493.52108,446374.39444,439662.75006,434804.59087,468997.41922,546979.0424,NA,NA,NA,NA,NA,NA
КЛАСИКБАНК,705654.81485,136292.31442,139167.07854,138435.0953,753660.17194,18132.44899,16167.82913,24869.73906,79655.08757,23884.72284,18006.97028,NA
КЛІРИНГОВИЙ ДІМ,3043201.56099,2640869.43735,2730664.81098,2781669.79962,3900674.77605,4502340.89132,3118650.0908,2371993.53434,2083883.44993,2358824.36842,2127343.5049,2064075.10113
КОМЕРЦІЙНИЙ ІНДУСТРІАЛЬНИЙ БАНК,76251.7273,19412.66433,21387.08514,18127.68125,18060.40266,18889.40026,59043.70794,103979.13329,121115.83867,131287.50196,119291.09656,109584.41949
КОМІНВЕСТБАНК,525979.83928,557678.55397,629564.06596,664356.66692,709013.46985,888728.25031,888235.20218,826855.61635,901982.2433,931588.60218,923990.53775,962097.74049
КОНКОРД,27111.80294,55908.10377,55099.84052,59244.47606,99827.91483,121425.10706,141030.10096,149345.76866,119698.42074,160979.23345,140049.13753,172663.35715
КРЕДOБАНК,2782277.38291,2807043.31891,3305561.21798,3500866.619,3471376.9537,4190341.79239,4444487.0747,4683143.98614,5654336.90688,6041477.94131,6504252.33656,7110489.9035
КРЕДИТ ЄВРОПА БАНК ,275971.55799,177275.85623,236908.31672,191097.21391,258579.22346,214698.65994,227954.52439,228765.33553,205480.57117,177499.37219,269294.74323,320216.64798
КРЕДИТ ОПТИМА БАНК,39478.87823,42475.18271,34838.92649,46006.44474,36604.43846,37461.2368,56415.83008,18374.06279,7956.18067,3902.08523,4079.28765,6572.78482
КРЕДИТВЕСТ БАНК,215953.90524,248569.86799,309596.88512,287452.09297,367408.57242,419231.40752,348023.78004,401805.27007,485996.31395,345011.96619,379476.38384,434398.48884
КРЕДИТПРОМБАНК,454216.81277,417502.52504,417561.5962,427216.76553,454277.39908,526945.78263,NA,NA,NA,NA,NA,NA
КРЕДІ АГРІКОЛЬ БАНК,10832255.38407,13076365.30057,14435059.2712,15106744.78645,17625200.06886,17845772.40544,17484024.71633,18249967.91045,18813804.83244,23173727.60468,23070060.64303,24710814.01993
КРИСТАЛБАНК,NA,NA,NA,NA,719243.60764,74303.55134,100329.35342,189089.77167,455798.9008,637560.6298,304073.36262,346677.35492
КСГ БАНК ,159009.55758,144179.17199,150487.2261,142474.7824,170023.91713,161061.46869,169164.29484,183005.25404,226146.87022,202554.54852,232503.46356,NA
ЛЕГБАНК,386286.55637,393183.00827,374002.30434,328389.617,421851.99942,NA,NA,NA,NA,NA,NA,NA
ЛЬВІВ,571494.35031,642790.19165,737313.76171,719424.81823,763369.41465,901011.08293,841696.09087,858297.05753,975205.4959,988629.79776,964342.95211,1011608.67087
МАРФІН БАНК ,1858461.75227,1851716.07153,1730672.62404,1768914.60376,1916386.40033,2137983.60324,2204987.01836,2372339.92563,2720117.89177,2620131.7748,2699311.53626,2757588.61644
МЕГАБАНК,3513481.87448,3555661.92145,3295408.78376,3347956.28286,3691521.13128,4351365.28712,4627743.0416,5069783.53775,5440218.41093,6375262.68666,5746212.13715,6307670.40915
МЕЛІОР БАНК,240131.34092,225952.66574,229767.02994,109196.58825,94744.15633,NA,NA,NA,NA,NA,NA,NA
МЕТАБАНК,593660.40508,562651.55032,529063.75284,524252.79682,450901.67701,422099.2085,383331.87778,416591.73265,410088.32613,397818.41737,431064.499,485105.21594
МІЖНАРОДНИЙ ІНВЕСТИЦІЙНИЙ БАНК,1430840.84557,1602363.20972,1744449.61772,2101104.97338,2744425.04721,4234071.00718,4199668.68917,4337908.20565,5022484.33318,5661934.58141,5958226.56577,4904689.86933
МІСТО БАНК,953886.47821,1203245.86504,1077989.67462,1125400.89777,1246821.66414,1543800.37596,1243172.25921,1237798.9732,1362391.06452,1208109.50453,1151459.50166,1090222.80772
МІСЬКИЙ КОМЕРЦІЙНИЙ БАНК ,2755085.21196,2737589.94415,2690219.58062,2702120.57788,2969107.46304,NA,NA,NA,NA,NA,NA,NA
МОТОР-БАНК,259373.26811,264897.75104,323552.87601,381166.75695,379987.45094,550171.38691,395185.22329,346283.86986,563381.79596,290276.8564,326976.46785,1085318.60248
НАДРА,13051971.23989,14858073.83772,12683509.55617,12025841.27297,11001794.00893,7118111.31593,NA,NA,NA,NA,NA,NA
НЕОС БАНК,NA,NA,NA,558358.02404,176381.77029,83907.04256,85483.00016,74121.18099,73287.33444,85768.25228,18570.62164,68290.18456
НОВИЙ,498918.15467,598189.34948,514137.82323,563416.83301,976356.76768,1837659.34616,1625305.80491,1589992.95613,2036096.82532,1733043.23455,1639465.76992,1489909.81046
ОКСІ БАНК,235686.28556,258293.22092,276699.48079,312155.93692,359743.13604,435911.33146,345155.13117,356732.74636,367565.98082,368850.67655,336106.97253,360565.92186
ОМЕГА БАНК,8129.9415,7816.03665,7844.35316,7851.52531,8122.93654,8887.71009,0,NA,NA,NA,NA,NA
ОТП БАНК,9537460.69968,10370919.00016,11462813.73214,12414828.90808,14003139.20298,16605757.63483,16680695.74683,17441467.71172,18324932.99667,19392682.66219,19215468.28987,20002186.54094
ОЩАДБАНК,46340929.31279,42292274.0221,43520196.76185,46620837.78432,55368183.41081,67558215.1575,69532760.68783,83934570.40553,93437692.72507,111600170.22315,122205613.91407,128609812.99829
ПЕРШИЙ ІНВЕСТИЦІЙНИЙ БАНК,947009.15329,866302.64082,725642.93921,749200.16325,813541.49433,1018909.37187,986730.19588,865297.78782,940933.21162,807351.10352,794441.77081,878137.20264
ПІВДЕНКОМБАНК ,3506450.30828,4411093.37995,4474170.62725,NA,NA,NA,NA,NA,NA,NA,NA,NA
ПІВДЕННИЙ,6131170.36282,6679684.34717,6965821.23687,6698473.56688,7190311.11795,7946028.06073,8031003.38368,8503234.91125,10249815.59665,10519239.33259,9890368.86163,10756065.09891
ПІРЕУС БАНК МКБ,1125188.90927,1238483.39842,1219985.36186,1225521.61005,1215339.11185,1315574.05177,1210552.91673,1145998.41946,1354571,1359149.21695,1435543.18924,1390063.34991
ПЛАТИНУМ БАНК,4824235.58569,4809008.19648,4700926.46148,4569298.58669,5664656.88967,6021733.19653,5374396.99286,5345151.10724,6078093.2558,6486135.77459,6615790.4672,6690712.7083
ПОЛІКОМБАНК,278439.9006,257404.89291,281394.92876,284047.02236,257043.16257,286734.33084,285724.87208,284827.08218,390037.00314,374560.07016,326681.99303,341187.95777
ПОЛТАВА - БАНК,1073366.36734,1014735.87707,1070900.00952,1118450.68003,989592.23351,982121.01416,1049050.01738,977664.64,1001962.97919,984913.4063,1110465.72928,1150031.54876
ПОРТО-ФРАНКО,652227.40715,720175.48635,688929.60664,660263.24606,507519.07329,NA,NA,NA,NA,NA,NA,NA
ПРАВЕКС-БАНК,3045034.11595,2942934.98949,2870934.36114,2939014.33865,3476479.33943,2899240.73704,2825566.73548,2697031.70162,2991843.6839,3158196.25491,2897562.54568,3152662.9742
ПРАЙМ-БАНК,94544.87722,156681.3402,174246.06371,143884.49737,NA,NA,NA,NA,NA,NA,NA,NA
ПРЕМIУМ,434366.40483,547585.97865,594730.23353,612793.71249,850487.86427,997061.15301,978537.34334,1147417.85441,NA,NA,NA,NA
ПРИВАТБАНК,133551099.98255,138577935.53728,131852218.84377,131715143.70266,141338369.21254,172240427.92711,159641775.49256,161656780.20945,178121357.31121,188144910.86627,189209764.2943,195888869.65361
ПРОКРЕДИТ БАНК,1864708.2169,2087520.65417,2498892.37257,2821048.02797,3437076.0571,4053707.46171,4528258.24242,5476082.73977,6544700.79462,7494853.0259,8208105.87811,8226535.89479
ПРОМЕКОНОМБАНК,674112.78103,741536.07828,763142.26219,NA,NA,NA,NA,NA,NA,NA,NA,NA
ПРОМИСЛОВО-ФІНАНСОВИЙ БАНК,89256.96145,104956.81327,90231.1391,107979.10356,99986.85845,139944.53822,144715.16585,201137.33814,173187.7766,212552.92446,210877.41186,240075.94907
ПРОМІНВЕСТБАНК,13897924.17841,13935178.64628,15073652.542,13143599.87829,13682619.34271,16126317.88835,16997554.02654,15533586.76004,16821913.5017,12098671.27547,9315160.08468,9435788.42469
ПРОФІН БАНК,218220.33891,239316.52394,325173.20836,356525.07724,390940.40712,437008.96396,NA,NA,NA,NA,NA,NA
ПУМБ,20443606.00607,24351052.03634,23800767.9753,24445937.69378,24516439.90857,27627828.10409,23652022.69518,24175553.13277,27584757.46418,29038146.64913,29552992.24637,31079859.57661
РАДАБАНК,189855.80919,210027.3137,202511.95733,207570.77405,226031.41641,249049.69923,250736.01521,266401.65299,339849.53368,341784.33277,432970.41888,449420.70579
РАДИКАЛ БАНК,1407642.86754,1074197.31241,984598.20005,1044681.44337,1241196.73125,1355153.80228,1132322.16815,732855.77107,NA,NA,NA,NA
РАЙФФАЙЗЕН БАНК АВАЛЬ,26419125.14565,23850838.11385,25768279.72259,26452088.81367,28800407.95255,32562125.99558,34192977.3004,35319475.4768,39213837.67937,37741386.56424,41926010.46211,40651518.96991
РВС БАНК,NA,NA,NA,NA,NA,NA,NA,35839.10116,32781.1763,12451.78829,8446.02837,96899.53155
РЕАЛ БАНК,981029.08191,872636.67937,NA,NA,NA,NA,NA,NA,NA,NA,NA,NA
РЕГІОН-БАНК,252175.61816,255844.17209,267406.76556,265126.27436,245693.46397,264057.64066,267040.66997,247683.11058,253091.21003,297999.61312,192228.39358,164696.68595
РОДОВІД БАНК,193183.72468,211827.50301,211534.63682,214053.79617,76316.13749,104152.52994,95865.11815,96196.80936,106153.19228,112617.361,107393.06955,111426.66333
РОЗРАХУНКОВИЙ ЦЕНТР,25728.58783,146726.49826,58529.62616,54358.09619,65546.51307,167971.43264,35800.73805,24102.41257,26538.2463,50278.05154,54159.61783,52575.78142
СБЕРБАНК,18910397.54224,19637089.09541,15851555.49784,14318110.67075,14934712.57792,18938879.43609,18781256.90719,18647694.65541,17784957.50685,20004906.87874,18196454.30545,16948489.96987
СЕБ КОРПОРАТИВНИЙ БАНК,102026.75884,121857.58757,119723.24804,183129.6461,222454.5738,351865.19768,382359.28857,545615.32861,552856.92311,734972.60037,788375.29266,731220.72009
СІТІБАНК ,4358777.25507,5498409.79062,5101590.62927,6825147.02802,7223239.19352,7631710.62372,8619630.25702,9295756.9889,12915786.39726,14091591.66742,17484206.18406,17670884.91604
СМАРТБАНК ,NA,NA,NA,NA,14324.9151,18899.95221,58560.81191,45705.12305,161681.18422,154431.81521,59071.29755,NA
СОЮЗ,1759994.68252,1663479.63798,1375817.12723,1344440.7238,1173377.96988,796098.06418,623285.8532,560944.17971,NA,NA,NA,NA
СТАНДАРТ,500124.82198,469011.95013,482821.81018,654895.62009,702611.36769,655079.05927,NA,NA,NA,NA,NA,NA
СТАРОКИЇВСЬКИЙ БАНК,389207.06253,417066.28948,378730.60478,NA,NA,NA,NA,NA,NA,NA,NA,NA
СТОЛИЧНИЙ,375214.04492,193821.80902,254372.05833,245821.6524,255618.67959,291213.47254,227573.09333,NA,NA,NA,NA,NA
СХІДНО-ПРОМИСЛ. КОМЕРЦ. БАНК,39636.32502,34339.23628,29431.65175,NA,NA,NA,NA,NA,NA,NA,NA,NA
ТАСКОМБАНК,1952650.91553,2229539.1813,2305358.34346,2339747.08523,2306105.83854,2440243.7705,2386395.27101,2338093.24281,2542291.34264,3326153.19733,3969410.55899,4114679.39698
ТЕРРА БАНК,3195829.72962,2863336.47739,3090531.80588,3090250.49013,NA,NA,NA,NA,NA,NA,NA,NA
ТК КРЕДИТ,1291210.42155,1277493.04164,1335907.38013,1543518.3065,1669396.95789,2196152.17171,1956926.71814,1764301.99315,NA,NA,NA,NA
ТРАСТ-КАПІТАЛ,102892.22569,136717.59445,134817.13795,135120.99561,152092.77546,198238.04783,167868.43097,131641.30502,112985.47662,121828.23094,115454.69579,111743.4655
УКООПСПІЛКА,144517.9016,134812.16722,149886.64356,148522.35949,137043.94211,142497.43068,NA,NA,NA,NA,NA,NA
УКРАЇНСЬКИЙ БАНК РЕКОНСТР.ТА РОЗВ.,276.00336,366.45694,400.86825,251.06996,208.15534,214.26808,214.95087,787.41979,242.33769,219.04488,705.32522,24.48912
УКРАЇНСЬКИЙ ПРОФЕСІЙНИЙ БАНК,2238525.43376,2325975.53341,2179932.0873,2132380.90689,2286652.71463,2443103.67569,1235628.92064,NA,NA,NA,NA,NA
УКРАЇНСЬКИЙ ФІНАНСОВИЙ СВІТ,1120959.16538,1141313.50513,NA,1091638.60374,NA,NA,NA,NA,NA,NA,NA,NA
УКРБІЗНЕСБАНК ,4716090.17561,3883656.33182,3580047.4973,3242060.96539,1509274.72774,1873084.16563,NA,NA,NA,NA,NA,NA
УКРБУДІНВЕСТБАНК,236890.73516,284359.21116,294632.80148,275590.34514,336269.13933,256304.19206,245177.22408,223787.43933,277271.7075,229370.71283,244315.16867,365976.42594
УКРГАЗБАНК ,8698687.91901,9345201.89966,11250082.60249,11054448.12871,12368091.11692,14226651.6019,14790424.90249,18283246.39133,27510140.14959,39084740.75785,43695316.60486,50136509.50909
УКРГАЗПРОМБАНК,707240.19635,701732.76549,706011.73445,608211.5203,636904.58825,721258.40215,694128.20563,NA,NA,NA,NA,NA
УКРЕКСІМБАНК,42970257.50218,47083244.89497,51562738.53046,74024541.43544,60125796.48622,77136269.56773,69943517.18366,71120451.12066,77679021.55957,81690224.71876,80573195.57756,79615905.34416
УКРІНБАНК,4354281.56314,5158341.19364,5282230.26962,5319486.92908,5704877.03202,5959962.39909,5536496.25038,4488679.53607,NA,NA,NA,NA
УКРКОМУНБАНК,372380.02105,352176.48743,200335.67389,NA,NA,NA,0,NA,NA,NA,NA,NA
УКРСИББАНК,16632230.42865,15766299.49773,16379976.66172,16443452.46036,17424364.13229,23400363.70649,25574226.90036,27373917.50729,33300432.76704,31038889.40126,31609776.98628,32994664.90846
УКРСОЦБАНК,21611105.20226,18627358.70155,19273895.775,20203076.85694,22500826.47547,23447554.59891,22296575.79028,22293783.52722,26780031.53606,24879895.88731,24954835.1497,25876692.97145
УНIКОМБАНК,403408.22579,530804.87098,607048.85032,633219.55531,981779.7731,1034323.46487,1091227.80887,1018385.7872,NA,NA,NA,NA
УНІВЕРСАЛ БАНК,3147529.97232,3002914.54172,3330258.0256,2734363.80734,2973353.69644,2943196.73283,2620701.03153,2454147.73155,3231474.91142,3100433.05578,3038735.15274,2878757.53401
ФІДОБАНК,5877653.43137,6606192.14495,7402000.9038,6403440.80231,6498086.61558,6107634.85051,4835960.22033,4824228.99065,5710208.29444,5826181.13411,NA,NA
ФІНАНС БАНК,11835.96786,43515.09867,21598.0296,34119.87698,18054.043,11954.27301,13051.73011,11235.41843,67962.86378,12196.46861,NA,NA
ФІНАНСОВА ІНІЦІАТИВА,7098875.27621,7159559.05202,7105015.34187,5449946.54181,5452728.25538,6688875.87036,5353853.68632,4335795.59184,2959150.06578,2104765.15828,1921741.85866,2041757.62759
ФІНАНСОВИЙ ПАРТНЕР,394237.27722,362487.53744,386724.69277,425074.44747,440081.21826,245496.47106,106760.72919,34973.19439,40115.24526,32747.43155,33433.46999,35075.19276
ФІНБАНК,1979837.6667,2076797.30224,1949788.88681,1839929.74996,585362.00281,357049.24515,125512.19158,122185.94695,121831.09092,130947.37029,120714.68078,123563.82609
ФІНЕКСБАНК,67303.15507,67294.72039,81742.55724,41690.67735,145774.77617,81004.41909,88660.77629,167929.21887,77388.49694,63680.40723,27472.2409,8522.13951
ФІНРОСТБАНК,1171021.76963,1272892.92112,1216223.50566,729335.92696,NA,NA,NA,NA,NA,NA,NA,NA
ФОРТУНА-БАНК,2109993.21833,2319802.99772,2383180.28347,2149910.16064,2007817.64053,2547852.52047,2420257.61854,1895032.79797,1988709.38408,2005146.55268,1889785.76468,1428130.34346
ХРЕЩАТИК,6316028.95941,6336020.12178,6482154.14277,6424784.27017,6703765.66492,7034468.43842,7072450.36011,7269938.78088,7661045.45605,7176099.53429,NA,NA
ЦЕНТР,20411.71108,11361.71651,13772.47597,21963.66867,33241.03539,32986.4539,16150.73103,29139.3424,38777.87718,28808.36204,34652.87115,52697.47228
ЧОРНОМОРСЬКИЙ БАНК РОЗВИТКУ ТА РЕКОНСТР.,456797.52787,420428.81677,NA,NA,NA,NA,NA,NA,NA,NA,NA,NA
ЮНЕКС БАНК,1452334.00498,1274368.94193,1371349.46659,1327976.05725,1242811.08937,1164053.68471,1057169.23038,1061563.57663,1027951.36169,993389.17788,899696.49637,614575.14545
ЮНІОН СТАНДАРД БАНК,307630.68559,267336.53732,333417.05137,335398.09595,495286.94823,499779.71524,453483.27113,535613.25355,NA,NA,NA,NA